seed,model,s0,mu,sigma,T,fine_N,method,N,h,M,estimate,sample_sd,se,ci_lower,ci_upper,resolution_eligible,fit_included,fitted_slope,fitted_slope_se,fitted_slope_ci_lower,fitted_slope_ci_upper,fitted_slope_interval_method,fitted_slope_se_method,fitted_slope_residual_se,jackknife_batch_count,fit_point_count,eligible_point_count
32104,GBM,100.0,0.05,0.2,1.0,512,EM,2,0.5,2000000,1.5389668659564217,1.563559203326608,0.0011056033154588803,1.5367998834581222,1.5411338484547212,0,0,0.49907175812758287,0.00036166134215914395,0.4983629018969509,0.4997806143582148,normal approximation: slope +/- 1.96 jackknife SE; coverage not validated,paired delete-one-batch jackknife,0.00024916226872815354,200,4,4
32104,GBM,100.0,0.05,0.2,1.0,512,Milstein,2,0.5,2000000,0.38838976494804583,0.4149024895176815,0.000293380363869133,0.38781473943486233,0.38896479046122934,0,0,0.9979254350690966,0.00016027646584594,0.9976112931960386,0.9982395769421546,normal approximation: slope +/- 1.96 jackknife SE; coverage not validated,paired delete-one-batch jackknife,0.0004539180367398376,200,4,4
32104,GBM,100.0,0.05,0.2,1.0,512,EM,4,0.25,2000000,1.1335332180031974,1.0360950508352371,0.0007326298363994168,1.1320972635238546,1.1349691724825401,0,0,0.49907175812758287,0.00036166134215914395,0.4983629018969509,0.4997806143582148,normal approximation: slope +/- 1.96 jackknife SE; coverage not validated,paired delete-one-batch jackknife,0.00024916226872815354,200,4,4
32104,GBM,100.0,0.05,0.2,1.0,512,Milstein,4,0.25,2000000,0.20589591567375662,0.20358007063254108,0.0001439528484587061,0.20561376809077755,0.20617806325673568,0,0,0.9979254350690966,0.00016027646584594,0.9976112931960386,0.9982395769421546,normal approximation: slope +/- 1.96 jackknife SE; coverage not validated,paired delete-one-batch jackknife,0.0004539180367398376,200,4,4
32104,GBM,100.0,0.05,0.2,1.0,512,EM,8,0.125,2000000,0.8195778481120893,0.7012523477500069,0.0004958602904170168,0.8186059619428719,0.8205497342813067,0,0,0.49907175812758287,0.00036166134215914395,0.4983629018969509,0.4997806143582148,normal approximation: slope +/- 1.96 jackknife SE; coverage not validated,paired delete-one-batch jackknife,0.00024916226872815354,200,4,4
32104,GBM,100.0,0.05,0.2,1.0,512,Milstein,8,0.125,2000000,0.10658110933985362,0.09993340773952124,7.066359027969567e-05,0.10644260870290542,0.10671960997680183,0,0,0.9979254350690966,0.00016027646584594,0.9976112931960386,0.9982395769421546,normal approximation: slope +/- 1.96 jackknife SE; coverage not validated,paired delete-one-batch jackknife,0.0004539180367398376,200,4,4
32104,GBM,100.0,0.05,0.2,1.0,512,EM,16,0.0625,2000000,0.5861261869621112,0.48382355566169855,0.00034211491710617407,0.5854556417245831,0.5867967321996392,0,0,0.49907175812758287,0.00036166134215914395,0.4983629018969509,0.4997806143582148,normal approximation: slope +/- 1.96 jackknife SE; coverage not validated,paired delete-one-batch jackknife,0.00024916226872815354,200,4,4
32104,GBM,100.0,0.05,0.2,1.0,512,Milstein,16,0.0625,2000000,0.05432454440232683,0.049313681481261216,3.487003858067327e-05,0.054256199126708704,0.05439288967794495,0,0,0.9979254350690966,0.00016027646584594,0.9976112931960386,0.9982395769421546,normal approximation: slope +/- 1.96 jackknife SE; coverage not validated,paired delete-one-batch jackknife,0.0004539180367398376,200,4,4
32104,GBM,100.0,0.05,0.2,1.0,512,EM,32,0.03125,2000000,0.4167612672745971,0.33821451712194045,0.00023915377855265776,0.4162925258686339,0.4172300086805603,0,0,0.49907175812758287,0.00036166134215914395,0.4983629018969509,0.4997806143582148,normal approximation: slope +/- 1.96 jackknife SE; coverage not validated,paired delete-one-batch jackknife,0.00024916226872815354,200,4,4
32104,GBM,100.0,0.05,0.2,1.0,512,Milstein,32,0.03125,2000000,0.027442797070669944,0.02445901940004459,1.729513847894485e-05,0.027408898599251212,0.027476695542088675,0,0,0.9979254350690966,0.00016027646584594,0.9976112931960386,0.9982395769421546,normal approximation: slope +/- 1.96 jackknife SE; coverage not validated,paired delete-one-batch jackknife,0.0004539180367398376,200,4,4
32104,GBM,100.0,0.05,0.2,1.0,512,EM,64,0.015625,2000000,0.29564003078342627,0.23791333606858525,0.00016823013326881065,0.2953102997222194,0.29596976184463314,1,1,0.49907175812758287,0.00036166134215914395,0.4983629018969509,0.4997806143582148,normal approximation: slope +/- 1.96 jackknife SE; coverage not validated,paired delete-one-batch jackknife,0.00024916226872815354,200,4,4
32104,GBM,100.0,0.05,0.2,1.0,512,Milstein,64,0.015625,2000000,0.013797156767801784,0.012183871711338796,8.615298308194608e-06,0.013780270783117722,0.013814042752485845,1,1,0.9979254350690966,0.00016027646584594,0.9976112931960386,0.9982395769421546,normal approximation: slope +/- 1.96 jackknife SE; coverage not validated,paired delete-one-batch jackknife,0.0004539180367398376,200,4,4
32104,GBM,100.0,0.05,0.2,1.0,512,EM,128,0.0078125,2000000,0.20932347954711006,0.16763384678289403,0.00011853502981657108,0.20909115088866959,0.20955580820555053,1,1,0.49907175812758287,0.00036166134215914395,0.4983629018969509,0.4997806143582148,normal approximation: slope +/- 1.96 jackknife SE; coverage not validated,paired delete-one-batch jackknife,0.00024916226872815354,200,4,4
32104,GBM,100.0,0.05,0.2,1.0,512,Milstein,128,0.0078125,2000000,0.006916289024865357,0.006080190407047265,4.299343867728516e-06,0.00690786231088461,0.006924715738846105,1,1,0.9979254350690966,0.00016027646584594,0.9976112931960386,0.9982395769421546,normal approximation: slope +/- 1.96 jackknife SE; coverage not validated,paired delete-one-batch jackknife,0.0004539180367398376,200,4,4
32104,GBM,100.0,0.05,0.2,1.0,512,EM,256,0.00390625,2000000,0.14807647046604072,0.1182980091292591,8.364932445616721e-05,0.14791251779010664,0.1482404231419748,1,1,0.49907175812758287,0.00036166134215914395,0.4983629018969509,0.4997806143582148,normal approximation: slope +/- 1.96 jackknife SE; coverage not validated,paired delete-one-batch jackknife,0.00024916226872815354,200,4,4
32104,GBM,100.0,0.05,0.2,1.0,512,Milstein,256,0.00390625,2000000,0.003462371741489373,0.003035554835992613,2.146461409193995e-06,0.003458164677127353,0.003466578805851393,1,1,0.9979254350690966,0.00016027646584594,0.9976112931960386,0.9982395769421546,normal approximation: slope +/- 1.96 jackknife SE; coverage not validated,paired delete-one-batch jackknife,0.0004539180367398376,200,4,4
32104,GBM,100.0,0.05,0.2,1.0,512,EM,512,0.001953125,2000000,0.10473422866869887,0.08357185594458667,5.9094226054762515e-05,0.10461840398563153,0.10485005335176621,1,1,0.49907175812758287,0.00036166134215914395,0.4983629018969509,0.4997806143582148,normal approximation: slope +/- 1.96 jackknife SE; coverage not validated,paired delete-one-batch jackknife,0.00024916226872815354,200,4,4
32104,GBM,100.0,0.05,0.2,1.0,512,Milstein,512,0.001953125,2000000,0.0017322255789395315,0.0015162339492158252,1.0721393073557693e-06,0.0017301241858971143,0.0017343269719819487,1,1,0.9979254350690966,0.00016027646584594,0.9976112931960386,0.9982395769421546,normal approximation: slope +/- 1.96 jackknife SE; coverage not validated,paired delete-one-batch jackknife,0.0004539180367398376,200,4,4
