seed,model,s0,mu,sigma,T,fine_N,method,N,h,M,estimate,sample_sd,se,ci_lower,ci_upper,analytic_bias,analytic_in_ci,analytic_z_score,resolution_eligible,fit_included,fitted_slope,fitted_slope_se,fitted_slope_ci_lower,fitted_slope_ci_upper,fitted_slope_interval_method,fitted_slope_se_method,fitted_slope_residual_se,jackknife_batch_count,fit_point_count,eligible_point_count
32104,GBM,100.0,0.05,0.2,1.0,512,EM,2,0.5,2000000,-0.06170631231872815,2.1930184472879737,0.0015506982153445194,-0.06474568082080341,-0.05866694381665289,-0.06460963760240429,1,1.8722697008012679,1,1,1.0100001167304713,0.044047613096801434,0.9236667950607405,1.0963334384002021,normal approximation: slope +/- 1.96 jackknife SE; coverage not validated,paired delete-one-batch jackknife,0.01049952078519981,200,6,6
32104,GBM,100.0,0.05,0.2,1.0,512,Milstein,2,0.5,2000000,-0.06435382674886418,0.5646674629016437,0.00039928019213315554,-0.06513641592544517,-0.0635712375722832,-0.06460963760240429,1,0.6406800502009343,1,1,0.9981193239930013,0.00043097485946958365,0.9972746132684409,0.9989640347175617,normal approximation: slope +/- 1.96 jackknife SE; coverage not validated,paired delete-one-batch jackknife,0.0006774861000554077,200,9,9
32104,GBM,100.0,0.05,0.2,1.0,512,EM,4,0.25,2000000,-0.03129088167062706,1.535386607133777,0.0010856822816472992,-0.03341881894265577,-0.029162944398598355,-0.03257594619615344,1,1.1836469538551935,1,1,1.0100001167304713,0.044047613096801434,0.9236667950607405,1.0963334384002021,normal approximation: slope +/- 1.96 jackknife SE; coverage not validated,paired delete-one-batch jackknife,0.01049952078519981,200,6,6
32104,GBM,100.0,0.05,0.2,1.0,512,Milstein,4,0.25,2000000,-0.03252384260700084,0.2877154733058936,0.00020344556222689445,-0.032922595908965555,-0.03212508930503613,-0.03257594619615344,1,0.2561058033524,1,1,0.9981193239930013,0.00043097485946958365,0.9972746132684409,0.9989640347175617,normal approximation: slope +/- 1.96 jackknife SE; coverage not validated,paired delete-one-batch jackknife,0.0006774861000554077,200,9,9
32104,GBM,100.0,0.05,0.2,1.0,512,EM,8,0.125,2000000,-0.016064535196880725,1.0785198054625167,0.0007626286680865416,-0.017559287386330346,-0.014569783007431104,-0.016356715377106753,1,0.38312247159435664,1,1,1.0100001167304713,0.044047613096801434,0.9236667950607405,1.0963334384002021,normal approximation: slope +/- 1.96 jackknife SE; coverage not validated,paired delete-one-batch jackknife,0.01049952078519981,200,6,6
32104,GBM,100.0,0.05,0.2,1.0,512,Milstein,8,0.125,2000000,-0.01626890986111512,0.14519485862078116,0.00010266826912417641,-0.016470139668598508,-0.016067680053631735,-0.016356715377106753,1,0.8552351835739157,1,1,0.9981193239930013,0.00043097485946958365,0.9972746132684409,0.9989640347175617,normal approximation: slope +/- 1.96 jackknife SE; coverage not validated,paired delete-one-batch jackknife,0.0006774861000554077,200,9,9
32104,GBM,100.0,0.05,0.2,1.0,512,EM,16,0.0625,2000000,-0.008038055377604322,0.7599767769223961,0.0005373847325061223,-0.00909132945331632,-0.006984781301892322,-0.008195665429157282,1,0.29329089946031345,1,1,1.0100001167304713,0.044047613096801434,0.9236667950607405,1.0963334384002021,normal approximation: slope +/- 1.96 jackknife SE; coverage not validated,paired delete-one-batch jackknife,0.01049952078519981,200,6,6
32104,GBM,100.0,0.05,0.2,1.0,512,Milstein,16,0.0625,2000000,-0.008165204108488993,0.07291314140719683,5.1557376726642525e-05,-0.008266256566873211,-0.008064151650104774,-0.008195665429157282,1,0.5908237114117656,1,1,0.9981193239930013,0.00043097485946958365,0.9972746132684409,0.9989640347175617,normal approximation: slope +/- 1.96 jackknife SE; coverage not validated,paired delete-one-batch jackknife,0.0006774861000554077,200,9,9
32104,GBM,100.0,0.05,0.2,1.0,512,EM,32,0.03125,2000000,-0.0037497223653066717,0.5367169085398082,0.0003795161656059784,-0.004493574049894389,-0.003005870680718954,-0.004102175056005008,1,0.9286895332523475,1,1,1.0100001167304713,0.044047613096801434,0.9236667950607405,1.0963334384002021,normal approximation: slope +/- 1.96 jackknife SE; coverage not validated,paired delete-one-batch jackknife,0.01049952078519981,200,6,6
32104,GBM,100.0,0.05,0.2,1.0,512,Milstein,32,0.03125,2000000,-0.004068048926818182,0.03653494337318686,2.583410620944694e-05,-0.004118683774988699,-0.004017414078647666,-0.004102175056005008,1,1.320971931838958,1,1,0.9981193239930013,0.00043097485946958365,0.9972746132684409,0.9989640347175617,normal approximation: slope +/- 1.96 jackknife SE; coverage not validated,paired delete-one-batch jackknife,0.0006774861000554077,200,9,9
32104,GBM,100.0,0.05,0.2,1.0,512,EM,64,0.015625,2000000,-0.0018838309337054736,0.3794763209499158,0.00026833027984340816,-0.0024097582821985537,-0.0013579035852123934,-0.0020521750476580674,1,0.6273765079767959,1,1,1.0100001167304713,0.044047613096801434,0.9236667950607405,1.0963334384002021,normal approximation: slope +/- 1.96 jackknife SE; coverage not validated,paired delete-one-batch jackknife,0.01049952078519981,200,6,6
32104,GBM,100.0,0.05,0.2,1.0,512,Milstein,64,0.015625,2000000,-0.0020374540942511145,0.018293636562277168,1.2935554465748347e-05,-0.0020628077810039814,-0.0020121004074982476,-0.0020521750476580674,1,1.138022606292766,1,1,0.9981193239930013,0.00043097485946958365,0.9972746132684409,0.9989640347175617,normal approximation: slope +/- 1.96 jackknife SE; coverage not validated,paired delete-one-batch jackknife,0.0006774861000554077,200,9,9
32104,GBM,100.0,0.05,0.2,1.0,512,EM,128,0.0078125,2000000,-0.0007233261290699752,0.2681733103501541,0.00018962716628183852,-0.0010949953749823788,-0.00035165688315757175,-0.0010263596460657687,1,1.598049071436324,0,0,1.0100001167304713,0.044047613096801434,0.9236667950607405,1.0963334384002021,normal approximation: slope +/- 1.96 jackknife SE; coverage not validated,paired delete-one-batch jackknife,0.01049952078519981,200,6,6
32104,GBM,100.0,0.05,0.2,1.0,512,Milstein,128,0.0078125,2000000,-0.0010226863256630565,0.009151934513277471,6.471394955313705e-06,-0.0010353702597754714,-0.0010100023915506416,-0.0010263596460657687,1,0.567624202830648,1,1,0.9981193239930013,0.00043097485946958365,0.9972746132684409,0.9989640347175617,normal approximation: slope +/- 1.96 jackknife SE; coverage not validated,paired delete-one-batch jackknife,0.0006774861000554077,200,9,9
32104,GBM,100.0,0.05,0.2,1.0,512,EM,256,0.00390625,2000000,-0.0005188844640197555,0.18952783909423682,0.0001340164202471677,-0.0007815566477042042,-0.0002562122803353068,-0.000513247883916279,1,-0.042058876763615145,0,0,1.0100001167304713,0.044047613096801434,0.9236667950607405,1.0963334384002021,normal approximation: slope +/- 1.96 jackknife SE; coverage not validated,paired delete-one-batch jackknife,0.01049952078519981,200,6,6
32104,GBM,100.0,0.05,0.2,1.0,512,Milstein,256,0.00390625,2000000,-0.0005105447567209781,0.00457623875618952,3.235889456830301e-06,-0.0005168871000563655,-0.0005042024133855908,-0.000513247883916279,1,0.8353583246161735,1,1,0.9981193239930013,0.00043097485946958365,0.9972746132684409,0.9989640347175617,normal approximation: slope +/- 1.96 jackknife SE; coverage not validated,paired delete-one-batch jackknife,0.0006774861000554077,200,9,9
32104,GBM,100.0,0.05,0.2,1.0,512,EM,512,0.001953125,2000000,-0.0003079879364786966,0.13399038916603564,9.474551279312831e-05,-0.0004936891415532281,-0.00012228673140416509,-0.0002566409609714411,1,-0.5419462515271709,0,0,1.0100001167304713,0.044047613096801434,0.9236667950607405,1.0963334384002021,normal approximation: slope +/- 1.96 jackknife SE; coverage not validated,paired delete-one-batch jackknife,0.01049952078519981,200,6,6
32104,GBM,100.0,0.05,0.2,1.0,512,Milstein,512,0.001953125,2000000,-0.00025484162653920746,0.002287930955754826,1.6178114937008563e-06,-0.00025801253706686115,-0.00025167071601155377,-0.0002566409609714411,1,1.1122027746987466,1,1,0.9981193239930013,0.00043097485946958365,0.9972746132684409,0.9989640347175617,normal approximation: slope +/- 1.96 jackknife SE; coverage not validated,paired delete-one-batch jackknife,0.0006774861000554077,200,9,9
