seed,model,s0,mu,sigma,T,fine_N,N,h,M,record_type,method,probability,estimate,se_quantile,ci_lower_quantile,ci_upper_quantile,exact_quantile,exact_density_at_quantile,se_quantile_method,bin_left,bin_right,bin_count,density,se_density,ci_lower_density,ci_upper_density,se_density_method
32104,GBM,100.0,0.05,0.2,1.0,512,256,0.00390625,2000000,quantile,EM,0.05,74.13985249598544,0.022162140145201018,74.09641470130084,74.18329029067003,74.1581118615058,0.006953766606678345,asymptotic exact-lognormal density,,,,,,,,
32104,GBM,100.0,0.05,0.2,1.0,512,256,0.00390625,2000000,quantile,Milstein,0.05,74.15292358951146,0.022162140145201018,74.10948579482687,74.19636138419605,74.1581118615058,0.006953766606678345,asymptotic exact-lognormal density,,,,,,,,
32104,GBM,100.0,0.05,0.2,1.0,512,256,0.00390625,2000000,quantile,EM,0.25,90.06364892751608,0.017351505261430072,90.02963997720369,90.09765787782848,90.04164053567253,0.017646089675488023,asymptotic exact-lognormal density,,,,,,,,
32104,GBM,100.0,0.05,0.2,1.0,512,256,0.00390625,2000000,quantile,Milstein,0.25,90.06360196417344,0.017351505261430072,90.02959301386105,90.09761091448584,90.04164053567253,0.017646089675488023,asymptotic exact-lognormal density,,,,,,,,
32104,GBM,100.0,0.05,0.2,1.0,512,256,0.00390625,2000000,quantile,EM,0.5,103.06727336398,0.01826433106888961,103.03147527508497,103.10307145287501,103.04545339535176,0.01935758770796133,asymptotic exact-lognormal density,,,,,,,,
32104,GBM,100.0,0.05,0.2,1.0,512,256,0.00390625,2000000,quantile,Milstein,0.5,103.06150943322706,0.01826433106888961,103.02571134433204,103.09730752212208,103.04545339535176,0.01935758770796133,asymptotic exact-lognormal density,,,,,,,,
32104,GBM,100.0,0.05,0.2,1.0,512,256,0.00390625,2000000,quantile,EM,0.75,117.92210821909245,0.02272521637094355,117.87756679500541,117.9666496431795,117.92727678308846,0.013473412655352617,asymptotic exact-lognormal density,,,,,,,,
32104,GBM,100.0,0.05,0.2,1.0,512,256,0.00390625,2000000,quantile,Milstein,0.75,117.91537975626056,0.02272521637094355,117.87083833217352,117.9599211803476,117.92727678308846,0.013473412655352617,asymptotic exact-lognormal density,,,,,,,,
32104,GBM,100.0,0.05,0.2,1.0,512,256,0.00390625,2000000,quantile,EM,0.95,143.1059126021598,0.04279096083957842,143.02204231891423,143.18978288540538,143.1854883965219,0.0036014697274963743,asymptotic exact-lognormal density,,,,,,,,
32104,GBM,100.0,0.05,0.2,1.0,512,256,0.00390625,2000000,quantile,Milstein,0.95,143.10925789263794,0.04279096083957842,143.02538760939237,143.19312817588352,143.1854883965219,0.0036014697274963743,asymptotic exact-lognormal density,,,,,,,,
32104,GBM,100.0,0.05,0.2,1.0,512,256,0.00390625,2000000,histogram,EM,,,,,,,,,36.640174388605594,39.54353037863584,1,1.7221449995003561e-07,1.7221445689640525e-07,0.0,5.0975483546699e-07,binomial fixed-bin approximation
32104,GBM,100.0,0.05,0.2,1.0,512,256,0.00390625,2000000,histogram,EM,,,,,,,,,39.54353037863584,42.4468863686661,4,6.888579998001408e-07,3.444286554708983e-07,1.3777835077180097e-08,1.3639381645231014e-06,binomial fixed-bin approximation
32104,GBM,100.0,0.05,0.2,1.0,512,256,0.00390625,2000000,histogram,EM,,,,,,,,,42.4468863686661,45.35024235869635,40,6.888579998001426e-06,1.0891692400423537e-06,4.753808287518412e-06,9.023351708484439e-06,binomial fixed-bin approximation
32104,GBM,100.0,0.05,0.2,1.0,512,256,0.00390625,2000000,histogram,EM,,,,,,,,,45.35024235869635,48.2535983487266,103,1.773809349485367e-05,1.7477412798531675e-06,1.4312520586341462e-05,2.1163666403365877e-05,binomial fixed-bin approximation
32104,GBM,100.0,0.05,0.2,1.0,512,256,0.00390625,2000000,histogram,EM,,,,,,,,,48.2535983487266,51.15695433875685,335,5.769185748326194e-05,3.1517788965057085e-06,5.151437084611075e-05,6.386934412041314e-05,binomial fixed-bin approximation
32104,GBM,100.0,0.05,0.2,1.0,512,256,0.00390625,2000000,histogram,EM,,,,,,,,,51.15695433875685,54.060310328787104,803,0.00013828824345987826,4.8791063605205464e-06,0.000128725194993258,0.00014785129192649852,binomial fixed-bin approximation
32104,GBM,100.0,0.05,0.2,1.0,512,256,0.00390625,2000000,histogram,EM,,,,,,,,,54.060310328787104,56.96366631881735,1745,0.0003005143024128122,7.190811212573926e-06,0.0002864203124361673,0.00031460829238945707,binomial fixed-bin approximation
32104,GBM,100.0,0.05,0.2,1.0,512,256,0.00390625,2000000,histogram,EM,,,,,,,,,56.96366631881735,59.86702230884761,3603,0.0006204888433199769,1.0327859055708655e-05,0.0006002462395707879,0.0006407314470691658,binomial fixed-bin approximation
32104,GBM,100.0,0.05,0.2,1.0,512,256,0.00390625,2000000,histogram,EM,,,,,,,,,59.86702230884761,62.77037829887786,6496,0.0011187053916754315,1.3857544470147348e-05,0.0010915446045139427,0.0011458661788369203,binomial fixed-bin approximation
32104,GBM,100.0,0.05,0.2,1.0,512,256,0.00390625,2000000,histogram,EM,,,,,,,,,62.77037829887786,65.67373428890811,11346,0.001953945716433104,1.8291769530410597e-05,0.0019180938481534993,0.001989797584712709,binomial fixed-bin approximation
32104,GBM,100.0,0.05,0.2,1.0,512,256,0.00390625,2000000,histogram,EM,,,,,,,,,65.67373428890811,68.57709027893836,17558,0.0030237421901227256,2.2719171218018642e-05,0.002979212614535409,0.0030682717657100423,binomial fixed-bin approximation
32104,GBM,100.0,0.05,0.2,1.0,512,256,0.00390625,2000000,histogram,EM,,,,,,,,,68.57709027893836,71.48044626896862,25754,0.0044352122317131955,2.7458556096171492e-05,0.004381393461764699,0.004489031001661692,binomial fixed-bin approximation
32104,GBM,100.0,0.05,0.2,1.0,512,256,0.00390625,2000000,histogram,EM,,,,,,,,,71.48044626896862,74.38380225899886,35732,0.006153568512214703,3.2261440165034245e-05,0.006090336089491236,0.00621680093493817,binomial fixed-bin approximation
32104,GBM,100.0,0.05,0.2,1.0,512,256,0.00390625,2000000,histogram,EM,,,,,,,,,74.38380225899886,77.28715824902912,47148,0.00811956924364424,3.695055959999399e-05,0.008047146146828252,0.008191992340460228,binomial fixed-bin approximation
32104,GBM,100.0,0.05,0.2,1.0,512,256,0.00390625,2000000,histogram,EM,,,,,,,,,77.28715824902912,80.19051423905937,59517,0.010249690393526271,4.138377978365725e-05,0.010168578185150302,0.01033080260190224,binomial fixed-bin approximation
32104,GBM,100.0,0.05,0.2,1.0,512,256,0.00390625,2000000,histogram,EM,,,,,,,,,80.19051423905937,83.09387022908962,71807,0.012366206597912207,4.531201333782421e-05,0.01227739505177007,0.012455018144054343,binomial fixed-bin approximation
32104,GBM,100.0,0.05,0.2,1.0,512,256,0.00390625,2000000,histogram,EM,,,,,,,,,83.09387022908962,85.99722621911987,83548,0.014388177041825576,4.872722950422193e-05,0.014292671671997301,0.014483682411653851,binomial fixed-bin approximation
32104,GBM,100.0,0.05,0.2,1.0,512,256,0.00390625,2000000,histogram,EM,,,,,,,,,85.99722621911987,88.90058220915012,94102,0.016205728874298254,5.157081219294006e-05,0.016104650082400092,0.016306807666196417,binomial fixed-bin approximation
32104,GBM,100.0,0.05,0.2,1.0,512,256,0.00390625,2000000,histogram,EM,,,,,,,,,88.90058220915012,91.80393819918038,103230,0.01777770282984209,5.3884643862129094e-05,0.017672088927872316,0.017883316731811864,binomial fixed-bin approximation
32104,GBM,100.0,0.05,0.2,1.0,512,256,0.00390625,2000000,histogram,EM,,,,,,,,,91.80393819918038,94.70729418921061,109941,0.01893343433900696,5.55101293377541e-05,0.018824634485504962,0.01904223419250896,binomial fixed-bin approximation
32104,GBM,100.0,0.05,0.2,1.0,512,256,0.00390625,2000000,histogram,EM,,,,,,,,,94.70729418921061,97.61065017924088,112944,0.01945059448235673,5.6218427491805806e-05,0.01934040636447279,0.01956078260024067,binomial fixed-bin approximation
32104,GBM,100.0,0.05,0.2,1.0,512,256,0.00390625,2000000,histogram,EM,,,,,,,,,97.61065017924088,100.51400616927113,114459,0.01971149944978113,5.6571498263083846e-05,0.019600619313185484,0.019822379586376775,binomial fixed-bin approximation
32104,GBM,100.0,0.05,0.2,1.0,512,256,0.00390625,2000000,histogram,EM,,,,,,,,,100.51400616927113,103.41736215930138,113415,0.01953170751183329,5.6328495836093673e-05,0.019421303659994546,0.019642111363672034,binomial fixed-bin approximation
32104,GBM,100.0,0.05,0.2,1.0,512,256,0.00390625,2000000,histogram,EM,,,,,,,,,103.41736215930138,106.32071814933164,110495,0.019028841171979092,5.564165677697609e-05,0.01891978352469622,0.019137898819261964,binomial fixed-bin approximation
32104,GBM,100.0,0.05,0.2,1.0,512,256,0.00390625,2000000,histogram,EM,,,,,,,,,106.32071814933164,109.22407413936187,104627,0.018018286486272465,5.422804508037532e-05,0.017911999517914928,0.018124573454630002,binomial fixed-bin approximation
32104,GBM,100.0,0.05,0.2,1.0,512,256,0.00390625,2000000,histogram,EM,,,,,,,,,109.22407413936187,112.12743012939214,98614,0.016982760698072728,5.273016746536746e-05,0.016879409569840607,0.01708611182630485,binomial fixed-bin approximation
32104,GBM,100.0,0.05,0.2,1.0,512,256,0.00390625,2000000,histogram,EM,,,,,,,,,112.12743012939214,115.03078611942237,90643,0.015610038918971156,5.066002752768033e-05,0.015510745265016902,0.015709332572925408,binomial fixed-bin approximation
32104,GBM,100.0,0.05,0.2,1.0,512,256,0.00390625,2000000,histogram,EM,,,,,,,,,115.03078611942237,117.93414210945264,82301,0.014173425560387812,4.837795365043153e-05,0.014078604771232966,0.014268246349542659,binomial fixed-bin approximation
32104,GBM,100.0,0.05,0.2,1.0,512,256,0.00390625,2000000,histogram,EM,,,,,,,,,117.93414210945264,120.8374980994829,74108,0.012762472162297176,4.600480859333666e-05,0.012672302737454236,0.012852641587140116,binomial fixed-bin approximation
32104,GBM,100.0,0.05,0.2,1.0,512,256,0.00390625,2000000,histogram,EM,,,,,,,,,120.8374980994829,123.74085408951314,66103,0.01138389509019726,4.353935308120331e-05,0.0112985579581581,0.011469232222236418,binomial fixed-bin approximation
32104,GBM,100.0,0.05,0.2,1.0,512,256,0.00390625,2000000,histogram,EM,,,,,,,,,123.74085408951314,126.6442100795434,57480,0.009898889457128,4.069076420611623e-05,0.009819135559284011,0.009978643354971988,binomial fixed-bin approximation
32104,GBM,100.0,0.05,0.2,1.0,512,256,0.00390625,2000000,histogram,EM,,,,,,,,,126.6442100795434,129.54756606957363,49901,0.00859367576200677,3.798723394162167e-05,0.008519220783481192,0.008668130740532349,binomial fixed-bin approximation
32104,GBM,100.0,0.05,0.2,1.0,512,256,0.00390625,2000000,histogram,EM,,,,,,,,,129.54756606957363,132.4509220596039,43082,0.007419345086847399,3.535810322018573e-05,0.007350043204535835,0.007488646969158963,binomial fixed-bin approximation
32104,GBM,100.0,0.05,0.2,1.0,512,256,0.00390625,2000000,histogram,EM,,,,,,,,,132.4509220596039,135.35427804963413,36531,0.006291167897674783,3.261350850248127e-05,0.00622724542100992,0.006355090374339646,binomial fixed-bin approximation
32104,GBM,100.0,0.05,0.2,1.0,512,256,0.00390625,2000000,histogram,EM,,,,,,,,,135.35427804963413,138.2576340396644,31349,0.005398752358933641,3.025177968866099e-05,0.005339458870743866,0.0054580458471234165,binomial fixed-bin approximation
32104,GBM,100.0,0.05,0.2,1.0,512,256,0.00390625,2000000,histogram,EM,,,,,,,,,138.2576340396644,141.16099002969466,26163,0.00450564796219276,2.7672865391576516e-05,0.00445140914602527,0.00455988677836025,binomial fixed-bin approximation
32104,GBM,100.0,0.05,0.2,1.0,512,256,0.00390625,2000000,histogram,EM,,,,,,,,,141.16099002969466,144.0643460197249,21675,0.0037327492864170403,2.5216400281989948e-05,0.00368332514186434,0.0037821734309697406,binomial fixed-bin approximation
32104,GBM,100.0,0.05,0.2,1.0,512,256,0.00390625,2000000,histogram,EM,,,,,,,,,144.0643460197249,146.96770200975516,17763,0.003059046162612468,2.2850234648814485e-05,0.0030142597027007917,0.003103832622524144,binomial fixed-bin approximation
32104,GBM,100.0,0.05,0.2,1.0,512,256,0.00390625,2000000,histogram,EM,,,,,,,,,146.96770200975516,149.8710579997854,14756,0.0025411971612627382,2.0842316495416478e-05,0.0025003462209317218,0.0025820481015937547,binomial fixed-bin approximation
32104,GBM,100.0,0.05,0.2,1.0,512,256,0.00390625,2000000,histogram,EM,,,,,,,,,149.8710579997854,152.77441398981566,12056,0.0020762180113976193,1.8852042488936596e-05,0.0020392680081193037,0.002113168014675935,binomial fixed-bin approximation
32104,GBM,100.0,0.05,0.2,1.0,512,256,0.00390625,2000000,histogram,EM,,,,,,,,,152.77441398981566,155.6777699798459,9754,0.001679780232512656,1.6966781720566598e-05,0.0016465253403403453,0.0017130351246849665,binomial fixed-bin approximation
32104,GBM,100.0,0.05,0.2,1.0,512,256,0.00390625,2000000,histogram,EM,,,,,,,,,155.6777699798459,158.58112596987615,8199,0.0014119866850903352,1.5561739225083522e-05,0.0013814856762091716,0.0014424876939714989,binomial fixed-bin approximation
32104,GBM,100.0,0.05,0.2,1.0,512,256,0.00390625,2000000,histogram,EM,,,,,,,,,158.58112596987615,161.48448195990642,6316,0.0010877067816844198,1.3664820762768273e-05,0.001060923732989394,0.0011144898303794455,binomial fixed-bin approximation
32104,GBM,100.0,0.05,0.2,1.0,512,256,0.00390625,2000000,histogram,EM,,,,,,,,,161.48448195990642,164.38783794993665,5180,0.0008920711097411888,1.2378597846748861e-05,0.0008678090579615611,0.0009163331615208165,binomial fixed-bin approximation
32104,GBM,100.0,0.05,0.2,1.0,512,256,0.00390625,2000000,histogram,EM,,,,,,,,,164.38783794993665,167.29119393996692,4115,0.0007086626672943931,1.103589078839372e-05,0.0006870323213491414,0.0007302930132396449,binomial fixed-bin approximation
32104,GBM,100.0,0.05,0.2,1.0,512,256,0.00390625,2000000,histogram,EM,,,,,,,,,167.29119393996692,170.19454992999718,3236,0.0005572861218383126,9.788639685404829e-06,0.0005381003880549192,0.000576471855621706,binomial fixed-bin approximation
32104,GBM,100.0,0.05,0.2,1.0,512,256,0.00390625,2000000,histogram,EM,,,,,,,,,170.19454992999718,173.09790592002742,2608,0.00044913541586969515,8.789014150799678e-06,0.0004319089481341278,0.0004663618836052625,binomial fixed-bin approximation
32104,GBM,100.0,0.05,0.2,1.0,512,256,0.00390625,2000000,histogram,EM,,,,,,,,,173.09790592002742,176.00126191005768,2006,0.0003454622868997698,7.709341274986098e-06,0.00033035197800079704,0.0003605725957987425,binomial fixed-bin approximation
32104,GBM,100.0,0.05,0.2,1.0,512,256,0.00390625,2000000,histogram,EM,,,,,,,,,176.00126191005768,178.9046179000879,1635,0.0002815707074183096,6.960669331823211e-06,0.0002679277955279361,0.0002952136193086831,binomial fixed-bin approximation
32104,GBM,100.0,0.05,0.2,1.0,512,256,0.00390625,2000000,histogram,EM,,,,,,,,,178.9046179000879,181.80797389011818,1247,0.0002147514814376934,6.079495035768325e-06,0.0002028356711675875,0.0002266672917077993,binomial fixed-bin approximation
32104,GBM,100.0,0.05,0.2,1.0,512,256,0.00390625,2000000,histogram,EM,,,,,,,,,181.80797389011818,184.7113298801484,937,0.0001613649864531842,5.270329318178609e-06,0.00015103514098955412,0.00017169483191681426,binomial fixed-bin approximation
32104,GBM,100.0,0.05,0.2,1.0,512,256,0.00390625,2000000,histogram,EM,,,,,,,,,184.7113298801484,187.61468587017868,835,0.00014379910745827905,4.9753343900220365e-06,0.00013404745205383586,0.00015355076286272223,binomial fixed-bin approximation
32104,GBM,100.0,0.05,0.2,1.0,512,256,0.00390625,2000000,histogram,EM,,,,,,,,,187.61468587017868,190.51804186020894,594,0.00010229541297032067,4.196608299104014e-06,9.40700607040768e-05,0.00011052076523656454,binomial fixed-bin approximation
32104,GBM,100.0,0.05,0.2,1.0,512,256,0.00390625,2000000,histogram,EM,,,,,,,,,190.51804186020894,193.42139785023917,468,8.059638597661707e-05,3.725133342583456e-06,7.32951246251535e-05,8.789764732808064e-05,binomial fixed-bin approximation
32104,GBM,100.0,0.05,0.2,1.0,512,256,0.00390625,2000000,histogram,EM,,,,,,,,,193.42139785023917,196.32475384026944,377,6.492486648116311e-05,3.3434855758971774e-06,5.8371634752404644e-05,7.147809820992158e-05,binomial fixed-bin approximation
32104,GBM,100.0,0.05,0.2,1.0,512,256,0.00390625,2000000,histogram,EM,,,,,,,,,196.32475384026944,199.22810983029967,268,4.615348598660978e-05,2.8190839714348098e-06,4.062808140259755e-05,5.1678890570622004e-05,binomial fixed-bin approximation
32104,GBM,100.0,0.05,0.2,1.0,512,256,0.00390625,2000000,histogram,EM,,,,,,,,,199.22810983029967,202.13146582032994,221,3.805940448895769e-05,2.560011143203664e-06,3.304178264827851e-05,4.307702632963687e-05,binomial fixed-bin approximation
32104,GBM,100.0,0.05,0.2,1.0,512,256,0.00390625,2000000,histogram,EM,,,,,,,,,202.13146582032994,205.0348218103602,179,3.0826395491056224e-05,2.3039698677336842e-06,2.6310614550298204e-05,3.534217643181424e-05,binomial fixed-bin approximation
32104,GBM,100.0,0.05,0.2,1.0,512,256,0.00390625,2000000,histogram,EM,,,,,,,,,205.0348218103602,207.93817780039043,123,2.118238349385449e-05,1.9098924667265477e-06,1.7438994259070455e-05,2.4925772728638522e-05,binomial fixed-bin approximation
32104,GBM,100.0,0.05,0.2,1.0,512,256,0.00390625,2000000,histogram,EM,,,,,,,,,207.93817780039043,210.8415337904207,89,1.5327090495553096e-05,1.62463219392239e-06,1.214281139546521e-05,1.851136959564098e-05,binomial fixed-bin approximation
32104,GBM,100.0,0.05,0.2,1.0,512,256,0.00390625,2000000,histogram,EM,,,,,,,,,210.8415337904207,213.74488978045093,84,1.4466017995803063e-05,1.578338817420748e-06,1.1372473913658397e-05,1.755956207794773e-05,binomial fixed-bin approximation
32104,GBM,100.0,0.05,0.2,1.0,512,256,0.00390625,2000000,histogram,EM,,,,,,,,,213.74488978045093,216.6482457704812,52,8.955153997401809e-06,1.241840275658085e-06,6.521147057111962e-06,1.1389160937691656e-05,binomial fixed-bin approximation
32104,GBM,100.0,0.05,0.2,1.0,512,256,0.00390625,2000000,histogram,EM,,,,,,,,,216.6482457704812,219.55160176051143,46,7.921866997701677e-06,1.1680021342838062e-06,5.632582814505417e-06,1.0211151180897937e-05,binomial fixed-bin approximation
32104,GBM,100.0,0.05,0.2,1.0,512,256,0.00390625,2000000,histogram,EM,,,,,,,,,219.55160176051143,222.4549577505417,35,6.027507498251217e-06,1.0188258066681948e-06,4.030608917181555e-06,8.024406079320878e-06,binomial fixed-bin approximation
32104,GBM,100.0,0.05,0.2,1.0,512,256,0.00390625,2000000,histogram,EM,,,,,,,,,222.4549577505417,225.35831374057196,27,4.649791498650939e-06,8.948467508638583e-07,2.895891866957777e-06,6.403691130344101e-06,binomial fixed-bin approximation
32104,GBM,100.0,0.05,0.2,1.0,512,256,0.00390625,2000000,histogram,EM,,,,,,,,,225.35831374057196,228.2616697306022,29,4.994220498551058e-06,9.273967407097126e-07,3.176522886760021e-06,6.811918110342094e-06,binomial fixed-bin approximation
32104,GBM,100.0,0.05,0.2,1.0,512,256,0.00390625,2000000,histogram,EM,,,,,,,,,228.2616697306022,231.16502572063246,13,2.2387884993504522e-06,6.209261919282795e-07,1.0217731631710245e-06,3.4558038355298797e-06,binomial fixed-bin approximation
32104,GBM,100.0,0.05,0.2,1.0,512,256,0.00390625,2000000,histogram,EM,,,,,,,,,231.16502572063246,234.0683817106627,14,2.4110029993005106e-06,6.443654005568923e-07,1.1480468142090018e-06,3.6739591843920196e-06,binomial fixed-bin approximation
32104,GBM,100.0,0.05,0.2,1.0,512,256,0.00390625,2000000,histogram,EM,,,,,,,,,234.0683817106627,236.97173770069296,6,1.0332869997002088e-06,4.2183701842919303e-07,2.0648644357899044e-07,1.8600875558214272e-06,binomial fixed-bin approximation
32104,GBM,100.0,0.05,0.2,1.0,512,256,0.00390625,2000000,histogram,EM,,,,,,,,,236.97173770069296,239.8750936907232,8,1.3777159996002917e-06,4.870951887399846e-07,4.23009429669922e-07,2.3324225695306614e-06,binomial fixed-bin approximation
32104,GBM,100.0,0.05,0.2,1.0,512,256,0.00390625,2000000,histogram,EM,,,,,,,,,239.8750936907232,242.77844968075345,3,5.166434998501044e-07,2.9828404000024647e-07,0.0,1.1012802182505875e-06,binomial fixed-bin approximation
32104,GBM,100.0,0.05,0.2,1.0,512,256,0.00390625,2000000,histogram,EM,,,,,,,,,242.77844968075345,245.68180567078372,6,1.0332869997002088e-06,4.2183701842919303e-07,2.0648644357899044e-07,1.8600875558214272e-06,binomial fixed-bin approximation
32104,GBM,100.0,0.05,0.2,1.0,512,256,0.00390625,2000000,histogram,EM,,,,,,,,,245.68180567078372,248.58516166081395,3,5.166434998501095e-07,2.982840400002494e-07,0.0,1.1012802182505983e-06,binomial fixed-bin approximation
32104,GBM,100.0,0.05,0.2,1.0,512,256,0.00390625,2000000,histogram,EM,,,,,,,,,248.58516166081395,251.48851765084422,3,5.166434998501044e-07,2.9828404000024647e-07,0.0,1.1012802182505875e-06,binomial fixed-bin approximation
32104,GBM,100.0,0.05,0.2,1.0,512,256,0.00390625,2000000,histogram,EM,,,,,,,,,251.48851765084422,254.39187364087445,1,1.7221449995003646e-07,1.722144568964061e-07,0.0,5.097548354669924e-07,binomial fixed-bin approximation
32104,GBM,100.0,0.05,0.2,1.0,512,256,0.00390625,2000000,histogram,EM,,,,,,,,,254.39187364087445,257.2952296309047,0,0.0,0.0,0.0,0.0,binomial fixed-bin approximation
32104,GBM,100.0,0.05,0.2,1.0,512,256,0.00390625,2000000,histogram,EM,,,,,,,,,257.2952296309047,260.198585620935,1,1.7221449995003477e-07,1.7221445689640443e-07,0.0,5.097548354669874e-07,binomial fixed-bin approximation
32104,GBM,100.0,0.05,0.2,1.0,512,256,0.00390625,2000000,histogram,EM,,,,,,,,,260.198585620935,263.1019416109652,2,3.444289999000763e-07,2.4354795969257346e-07,0.0,8.217830008975202e-07,binomial fixed-bin approximation
32104,GBM,100.0,0.05,0.2,1.0,512,256,0.00390625,2000000,histogram,EM,,,,,,,,,263.1019416109652,266.00529760099545,1,1.7221449995003477e-07,1.7221445689640443e-07,0.0,5.097548354669874e-07,binomial fixed-bin approximation
32104,GBM,100.0,0.05,0.2,1.0,512,256,0.00390625,2000000,histogram,EM,,,,,,,,,266.00529760099545,268.9086535910257,1,1.7221449995003477e-07,1.7221445689640443e-07,0.0,5.097548354669874e-07,binomial fixed-bin approximation
32104,GBM,100.0,0.05,0.2,1.0,512,256,0.00390625,2000000,histogram,Milstein,,,,,,,,,36.640174388605594,39.54353037863584,1,1.7221449995003561e-07,1.7221445689640525e-07,0.0,5.0975483546699e-07,binomial fixed-bin approximation
32104,GBM,100.0,0.05,0.2,1.0,512,256,0.00390625,2000000,histogram,Milstein,,,,,,,,,39.54353037863584,42.4468863686661,4,6.888579998001408e-07,3.444286554708983e-07,1.3777835077180097e-08,1.3639381645231014e-06,binomial fixed-bin approximation
32104,GBM,100.0,0.05,0.2,1.0,512,256,0.00390625,2000000,histogram,Milstein,,,,,,,,,42.4468863686661,45.35024235869635,39,6.716365498051389e-06,1.0754687215097614e-06,4.608446803892257e-06,8.824284192210521e-06,binomial fixed-bin approximation
32104,GBM,100.0,0.05,0.2,1.0,512,256,0.00390625,2000000,histogram,Milstein,,,,,,,,,45.35024235869635,48.2535983487266,101,1.73936644949536e-05,1.7306906030584562e-06,1.4001510912959026e-05,2.0785818076948175e-05,binomial fixed-bin approximation
32104,GBM,100.0,0.05,0.2,1.0,512,256,0.00390625,2000000,histogram,Milstein,,,,,,,,,48.2535983487266,51.15695433875685,329,5.6658570483561716e-05,3.1234311721095773e-06,5.053664538622694e-05,6.278049558089649e-05,binomial fixed-bin approximation
32104,GBM,100.0,0.05,0.2,1.0,512,256,0.00390625,2000000,histogram,Milstein,,,,,,,,,51.15695433875685,54.060310328787104,793,0.00013656609846037792,4.848642821126022e-06,0.00012706275853097092,0.00014606943838978492,binomial fixed-bin approximation
32104,GBM,100.0,0.05,0.2,1.0,512,256,0.00390625,2000000,histogram,Milstein,,,,,,,,,54.060310328787104,56.96366631881735,1735,0.0002987921574133118,7.170195506487949e-06,0.0002847385742205954,0.0003128457406060282,binomial fixed-bin approximation
32104,GBM,100.0,0.05,0.2,1.0,512,256,0.00390625,2000000,histogram,Milstein,,,,,,,,,56.96366631881735,59.86702230884761,3569,0.0006146335503216757,1.0279101240895124e-05,0.0005944865118895212,0.0006347805887538301,binomial fixed-bin approximation
32104,GBM,100.0,0.05,0.2,1.0,512,256,0.00390625,2000000,histogram,Milstein,,,,,,,,,59.86702230884761,62.77037829887786,6478,0.0011156055306763308,1.3838394442885367e-05,0.0010884822775682754,0.001142728783784386,binomial fixed-bin approximation
32104,GBM,100.0,0.05,0.2,1.0,512,256,0.00390625,2000000,histogram,Milstein,,,,,,,,,62.77037829887786,65.67373428890811,11279,0.001942407344936452,1.823798882718914e-05,0.0019066608868351612,0.0019781538030377425,binomial fixed-bin approximation
32104,GBM,100.0,0.05,0.2,1.0,512,256,0.00390625,2000000,histogram,Milstein,,,,,,,,,65.67373428890811,68.57709027893836,17493,0.0030125482476259734,2.2677450618800297e-05,0.0029681004444131248,0.003056996050838822,binomial fixed-bin approximation
32104,GBM,100.0,0.05,0.2,1.0,512,256,0.00390625,2000000,histogram,Milstein,,,,,,,,,68.57709027893836,71.48044626896862,25782,0.004440034237711797,2.7473283822516453e-05,0.004386186601419665,0.004493881874003929,binomial fixed-bin approximation
32104,GBM,100.0,0.05,0.2,1.0,512,256,0.00390625,2000000,histogram,Milstein,,,,,,,,,71.48044626896862,74.38380225899886,35651,0.00613961913771875,3.222551749945667e-05,0.0060764571234198156,0.006202781152017685,binomial fixed-bin approximation
32104,GBM,100.0,0.05,0.2,1.0,512,256,0.00390625,2000000,histogram,Milstein,,,,,,,,,74.38380225899886,77.28715824902912,47119,0.008114575023145689,3.693946826925026e-05,0.008042173665337958,0.00818697638095342,binomial fixed-bin approximation
32104,GBM,100.0,0.05,0.2,1.0,512,256,0.00390625,2000000,histogram,Milstein,,,,,,,,,77.28715824902912,80.19051423905937,59614,0.010266395200021424,4.1416454223649136e-05,0.010185218949743072,0.010347571450299776,binomial fixed-bin approximation
32104,GBM,100.0,0.05,0.2,1.0,512,256,0.00390625,2000000,histogram,Milstein,,,,,,,,,80.19051423905937,83.09387022908962,71892,0.012380844830407961,4.5337824628783975e-05,0.012291982694135544,0.012469706966680379,binomial fixed-bin approximation
32104,GBM,100.0,0.05,0.2,1.0,512,256,0.00390625,2000000,histogram,Milstein,,,,,,,,,83.09387022908962,85.99722621911987,83585,0.01439454897832373,4.8737547477931606e-05,0.014299023385266984,0.014490074571380475,binomial fixed-bin approximation
32104,GBM,100.0,0.05,0.2,1.0,512,256,0.00390625,2000000,histogram,Milstein,,,,,,,,,85.99722621911987,88.90058220915012,94231,0.016227944544791807,5.160440158478548e-05,0.016126799917685626,0.016329089171897987,binomial fixed-bin approximation
32104,GBM,100.0,0.05,0.2,1.0,512,256,0.00390625,2000000,histogram,Milstein,,,,,,,,,88.90058220915012,91.80393819918038,103288,0.017787691270839193,5.389895525054104e-05,0.01768204931854813,0.017893333223130255,binomial fixed-bin approximation
32104,GBM,100.0,0.05,0.2,1.0,512,256,0.00390625,2000000,histogram,Milstein,,,,,,,,,91.80393819918038,94.70729418921061,110074,0.018956338867500314,5.55417413061587e-05,0.018847477054540242,0.019065200680460387,binomial fixed-bin approximation
32104,GBM,100.0,0.05,0.2,1.0,512,256,0.00390625,2000000,histogram,Milstein,,,,,,,,,94.70729418921061,97.61065017924088,112938,0.019449561195357026,5.621702357969552e-05,0.019339375829140824,0.01955974656157323,binomial fixed-bin approximation
32104,GBM,100.0,0.05,0.2,1.0,512,256,0.00390625,2000000,histogram,Milstein,,,,,,,,,97.61065017924088,100.51400616927113,114405,0.01970219986678383,5.655896178483555e-05,0.01959134430168555,0.019813055431882106,binomial fixed-bin approximation
32104,GBM,100.0,0.05,0.2,1.0,512,256,0.00390625,2000000,histogram,Milstein,,,,,,,,,100.51400616927113,103.41736215930138,113549,0.019554784254826596,5.63597604541519e-05,0.01944431912433646,0.019665249385316733,binomial fixed-bin approximation
32104,GBM,100.0,0.05,0.2,1.0,512,256,0.00390625,2000000,histogram,Milstein,,,,,,,,,103.41736215930138,106.32071814933164,110404,0.01901316965248364,5.562007905469557e-05,0.018904154297536436,0.019122185007430844,binomial fixed-bin approximation
32104,GBM,100.0,0.05,0.2,1.0,512,256,0.00390625,2000000,histogram,Milstein,,,,,,,,,106.32071814933164,109.22407413936187,104822,0.018051868313762723,5.427576346777482e-05,0.017945487817365883,0.018158248810159563,binomial fixed-bin approximation
32104,GBM,100.0,0.05,0.2,1.0,512,256,0.00390625,2000000,histogram,Milstein,,,,,,,,,109.22407413936187,112.12743012939214,98383,0.01694297914858427,5.2671571179552126e-05,0.016839742869072347,0.017046215428096194,binomial fixed-bin approximation
32104,GBM,100.0,0.05,0.2,1.0,512,256,0.00390625,2000000,histogram,Milstein,,,,,,,,,112.12743012939214,115.03078611942237,90603,0.015603150338973155,5.0649378900646e-05,0.01550387755632789,0.01570242312161842,binomial fixed-bin approximation
32104,GBM,100.0,0.05,0.2,1.0,512,256,0.00390625,2000000,histogram,Milstein,,,,,,,,,115.03078611942237,117.93414210945264,82341,0.014180314140385814,4.8389203901913265e-05,0.014085471300738063,0.014275156980033564,binomial fixed-bin approximation
32104,GBM,100.0,0.05,0.2,1.0,512,256,0.00390625,2000000,histogram,Milstein,,,,,,,,,117.93414210945264,120.8374980994829,74090,0.012759372301298078,4.599943618983614e-05,0.012669213406366,0.012849531196230156,binomial fixed-bin approximation
32104,GBM,100.0,0.05,0.2,1.0,512,256,0.00390625,2000000,histogram,Milstein,,,,,,,,,120.8374980994829,123.74085408951314,66000,0.011366156996702407,4.350657744644906e-05,0.011280884104907367,0.011451429888497447,binomial fixed-bin approximation
32104,GBM,100.0,0.05,0.2,1.0,512,256,0.00390625,2000000,histogram,Milstein,,,,,,,,,123.74085408951314,126.6442100795434,57536,0.009908533469125201,4.0709994090753595e-05,0.009828741880707323,0.009988325057543079,binomial fixed-bin approximation
32104,GBM,100.0,0.05,0.2,1.0,512,256,0.00390625,2000000,histogram,Milstein,,,,,,,,,126.6442100795434,129.54756606957363,49757,0.008568876874013965,3.7933784685300526e-05,0.008494526656030775,0.008643227091997155,binomial fixed-bin approximation
32104,GBM,100.0,0.05,0.2,1.0,512,256,0.00390625,2000000,histogram,Milstein,,,,,,,,,129.54756606957363,132.4509220596039,43041,0.0074122842923494475,3.534164475062179e-05,0.007343014668638229,0.007481553916060666,binomial fixed-bin approximation
32104,GBM,100.0,0.05,0.2,1.0,512,256,0.00390625,2000000,histogram,Milstein,,,,,,,,,132.4509220596039,135.35427804963413,36544,0.006293406686174133,3.261920295750501e-05,0.006229473048377423,0.006357340323970843,binomial fixed-bin approximation
32104,GBM,100.0,0.05,0.2,1.0,512,256,0.00390625,2000000,histogram,Milstein,,,,,,,,,135.35427804963413,138.2576340396644,31301,0.005390486062936039,3.0228979338026086e-05,0.005331237263433508,0.0054497348624385706,binomial fixed-bin approximation
32104,GBM,100.0,0.05,0.2,1.0,512,256,0.00390625,2000000,histogram,Milstein,,,,,,,,,138.2576340396644,141.16099002969466,26264,0.004523041626687713,2.7725518916962432e-05,0.004468699609610467,0.00457738364376496,binomial fixed-bin approximation
32104,GBM,100.0,0.05,0.2,1.0,512,256,0.00390625,2000000,histogram,Milstein,,,,,,,,,141.16099002969466,144.0643460197249,21600,0.003719833198920788,2.5173212642326593e-05,0.0036704937021418277,0.003769172695699748,binomial fixed-bin approximation
32104,GBM,100.0,0.05,0.2,1.0,512,256,0.00390625,2000000,histogram,Milstein,,,,,,,,,144.0643460197249,146.96770200975516,17732,0.003053707513114017,2.2830465338594616e-05,0.0030089598010503717,0.0030984552251776625,binomial fixed-bin approximation
32104,GBM,100.0,0.05,0.2,1.0,512,256,0.00390625,2000000,histogram,Milstein,,,,,,,,,146.96770200975516,149.8710579997854,14754,0.002540852732262838,2.084091448161056e-05,0.0025000045398788813,0.002581700924646795,binomial fixed-bin approximation
32104,GBM,100.0,0.05,0.2,1.0,512,256,0.00390625,2000000,histogram,Milstein,,,,,,,,,149.8710579997854,152.77441398981566,12056,0.0020762180113976193,1.8852042488936596e-05,0.0020392680081193037,0.002113168014675935,binomial fixed-bin approximation
32104,GBM,100.0,0.05,0.2,1.0,512,256,0.00390625,2000000,histogram,Milstein,,,,,,,,,152.77441398981566,155.6777699798459,9805,0.0016885631720101075,1.701086239756332e-05,0.0016552218817108832,0.0017219044623093317,binomial fixed-bin approximation
32104,GBM,100.0,0.05,0.2,1.0,512,256,0.00390625,2000000,histogram,Milstein,,,,,,,,,155.6777699798459,158.58112596987615,8176,0.0014080257515914842,1.5539986565905614e-05,0.0013775673779223092,0.0014384841252606591,binomial fixed-bin approximation
32104,GBM,100.0,0.05,0.2,1.0,512,256,0.00390625,2000000,histogram,Milstein,,,,,,,,,158.58112596987615,161.48448195990642,6300,0.0010849513496852192,1.3647556354181632e-05,0.0010582021392310233,0.001111700560139415,binomial fixed-bin approximation
32104,GBM,100.0,0.05,0.2,1.0,512,256,0.00390625,2000000,histogram,Milstein,,,,,,,,,161.48448195990642,164.38783794993665,5194,0.0008944821127404894,1.2395270898001753e-05,0.0008701873817804059,0.0009187768437005729,binomial fixed-bin approximation
32104,GBM,100.0,0.05,0.2,1.0,512,256,0.00390625,2000000,histogram,Milstein,,,,,,,,,164.38783794993665,167.29119393996692,4074,0.0007016018727964418,1.098088762776905e-05,0.0006800793330460145,0.0007231244125468692,binomial fixed-bin approximation
32104,GBM,100.0,0.05,0.2,1.0,512,256,0.00390625,2000000,histogram,Milstein,,,,,,,,,167.29119393996692,170.19454992999718,3327,0.0005729576413337657,9.925093121249012e-06,0.0005535044588161177,0.0005924108238514138,binomial fixed-bin approximation
32104,GBM,100.0,0.05,0.2,1.0,512,256,0.00390625,2000000,histogram,Milstein,,,,,,,,,170.19454992999718,173.09790592002742,2572,0.00044293569387149383,8.728221641070364e-06,0.0004258283794549959,0.00046004300828799175,binomial fixed-bin approximation
32104,GBM,100.0,0.05,0.2,1.0,512,256,0.00390625,2000000,histogram,Milstein,,,,,,,,,173.09790592002742,176.00126191005768,2027,0.00034907879139872054,7.749548470884672e-06,0.0003338896763957866,0.0003642679064016545,binomial fixed-bin approximation
32104,GBM,100.0,0.05,0.2,1.0,512,256,0.00390625,2000000,histogram,Milstein,,,,,,,,,176.00126191005768,178.9046179000879,1619,0.00027881527541910903,6.926555006338291e-06,0.000265239227606686,0.00029239132323153206,binomial fixed-bin approximation
32104,GBM,100.0,0.05,0.2,1.0,512,256,0.00390625,2000000,histogram,Milstein,,,,,,,,,178.9046179000879,181.80797389011818,1277,0.0002199179164361944,6.152143696641678e-06,0.00020785971479077672,0.0002319761180816121,binomial fixed-bin approximation
32104,GBM,100.0,0.05,0.2,1.0,512,256,0.00390625,2000000,histogram,Milstein,,,,,,,,,181.80797389011818,184.7113298801484,939,0.00016170941545308424,5.275948365170238e-06,0.00015136855665735056,0.00017205027424881792,binomial fixed-bin approximation
32104,GBM,100.0,0.05,0.2,1.0,512,256,0.00390625,2000000,histogram,Milstein,,,,,,,,,184.7113298801484,187.61468587017868,818,0.00014087146095912847,4.924447768232574e-06,0.00013121954333339262,0.0001505233785848643,binomial fixed-bin approximation
32104,GBM,100.0,0.05,0.2,1.0,512,256,0.00390625,2000000,histogram,Milstein,,,,,,,,,187.61468587017868,190.51804186020894,626,0.00010780627696872178,4.308131031313514e-06,9.936234014734729e-05,0.00011625021379009627,binomial fixed-bin approximation
32104,GBM,100.0,0.05,0.2,1.0,512,256,0.00390625,2000000,histogram,Milstein,,,,,,,,,190.51804186020894,193.42139785023917,458,7.887424097711671e-05,3.6851292237678683e-06,7.16513876985317e-05,8.609709425570173e-05,binomial fixed-bin approximation
32104,GBM,100.0,0.05,0.2,1.0,512,256,0.00390625,2000000,histogram,Milstein,,,,,,,,,193.42139785023917,196.32475384026944,382,6.57859389809133e-05,3.3655799931746804e-06,5.9189402194290925e-05,7.238247576753566e-05,binomial fixed-bin approximation
32104,GBM,100.0,0.05,0.2,1.0,512,256,0.00390625,2000000,histogram,Milstein,,,,,,,,,196.32475384026944,199.22810983029967,274,4.718677298630999e-05,2.8504619306913807e-06,4.159986760215488e-05,5.27736783704651e-05,binomial fixed-bin approximation
32104,GBM,100.0,0.05,0.2,1.0,512,256,0.00390625,2000000,histogram,Milstein,,,,,,,,,199.22810983029967,202.13146582032994,215,3.702611748925748e-05,2.5250245230127073e-06,3.2077069424152575e-05,4.1975165554362385e-05,binomial fixed-bin approximation
32104,GBM,100.0,0.05,0.2,1.0,512,256,0.00390625,2000000,histogram,Milstein,,,,,,,,,202.13146582032994,205.0348218103602,185,3.1859682490756436e-05,2.3422621051087112e-06,2.726884876474336e-05,3.645051621676951e-05,binomial fixed-bin approximation
32104,GBM,100.0,0.05,0.2,1.0,512,256,0.00390625,2000000,histogram,Milstein,,,,,,,,,205.0348218103602,207.93817780039043,128,2.2043455993604667e-05,1.9483223024266783e-06,1.822474428084838e-05,2.5862167706360955e-05,binomial fixed-bin approximation
32104,GBM,100.0,0.05,0.2,1.0,512,256,0.00390625,2000000,histogram,Milstein,,,,,,,,,207.93817780039043,210.8415337904207,88,1.5154875995603061e-05,1.6154796675459416e-06,1.1988535847213016e-05,1.8321216143993108e-05,binomial fixed-bin approximation
32104,GBM,100.0,0.05,0.2,1.0,512,256,0.00390625,2000000,histogram,Milstein,,,,,,,,,210.8415337904207,213.74488978045093,82,1.412158899590299e-05,1.5594366539848568e-06,1.1065093154092672e-05,1.717808483771331e-05,binomial fixed-bin approximation
32104,GBM,100.0,0.05,0.2,1.0,512,256,0.00390625,2000000,histogram,Milstein,,,,,,,,,213.74488978045093,216.6482457704812,53,9.127368497351844e-06,1.2537238719922758e-06,6.670069708246983e-06,1.1584667286456704e-05,binomial fixed-bin approximation
32104,GBM,100.0,0.05,0.2,1.0,512,256,0.00390625,2000000,histogram,Milstein,,,,,,,,,216.6482457704812,219.55160176051143,49,8.438510497551786e-06,1.2054867321664332e-06,6.075756502505577e-06,1.0801264492597995e-05,binomial fixed-bin approximation
32104,GBM,100.0,0.05,0.2,1.0,512,256,0.00390625,2000000,histogram,Milstein,,,,,,,,,219.55160176051143,222.4549577505417,35,6.027507498251217e-06,1.0188258066681948e-06,4.030608917181555e-06,8.024406079320878e-06,binomial fixed-bin approximation
32104,GBM,100.0,0.05,0.2,1.0,512,256,0.00390625,2000000,histogram,Milstein,,,,,,,,,222.4549577505417,225.35831374057196,28,4.822005998600974e-06,9.112670991176021e-07,3.035922484330474e-06,6.608089512871474e-06,binomial fixed-bin approximation
32104,GBM,100.0,0.05,0.2,1.0,512,256,0.00390625,2000000,histogram,Milstein,,,,,,,,,225.35831374057196,228.2616697306022,29,4.994220498551058e-06,9.273967407097126e-07,3.176522886760021e-06,6.811918110342094e-06,binomial fixed-bin approximation
32104,GBM,100.0,0.05,0.2,1.0,512,256,0.00390625,2000000,histogram,Milstein,,,,,,,,,228.2616697306022,231.16502572063246,12,2.0665739994004175e-06,5.965667377187895e-07,8.973031934715902e-07,3.235844805329245e-06,binomial fixed-bin approximation
32104,GBM,100.0,0.05,0.2,1.0,512,256,0.00390625,2000000,histogram,Milstein,,,,,,,,,231.16502572063246,234.0683817106627,14,2.4110029993005106e-06,6.443654005568923e-07,1.1480468142090018e-06,3.6739591843920196e-06,binomial fixed-bin approximation
32104,GBM,100.0,0.05,0.2,1.0,512,256,0.00390625,2000000,histogram,Milstein,,,,,,,,,234.0683817106627,236.97173770069296,8,1.3777159996002781e-06,4.870951887399798e-07,4.2300942966991774e-07,2.3324225695306385e-06,binomial fixed-bin approximation
32104,GBM,100.0,0.05,0.2,1.0,512,256,0.00390625,2000000,histogram,Milstein,,,,,,,,,236.97173770069296,239.8750936907232,8,1.3777159996002917e-06,4.870951887399846e-07,4.23009429669922e-07,2.3324225695306614e-06,binomial fixed-bin approximation
32104,GBM,100.0,0.05,0.2,1.0,512,256,0.00390625,2000000,histogram,Milstein,,,,,,,,,239.8750936907232,242.77844968075345,3,5.166434998501044e-07,2.9828404000024647e-07,0.0,1.1012802182505875e-06,binomial fixed-bin approximation
32104,GBM,100.0,0.05,0.2,1.0,512,256,0.00390625,2000000,histogram,Milstein,,,,,,,,,242.77844968075345,245.68180567078372,5,8.61072499750174e-07,3.8508284724495034e-07,1.0631011915007127e-07,1.6158348803502767e-06,binomial fixed-bin approximation
32104,GBM,100.0,0.05,0.2,1.0,512,256,0.00390625,2000000,histogram,Milstein,,,,,,,,,245.68180567078372,248.58516166081395,2,3.444289999000729e-07,2.435479596925711e-07,0.0,8.217830008975122e-07,binomial fixed-bin approximation
32104,GBM,100.0,0.05,0.2,1.0,512,256,0.00390625,2000000,histogram,Milstein,,,,,,,,,248.58516166081395,251.48851765084422,4,6.888579998001391e-07,3.4442865547089744e-07,1.3777835077180097e-08,1.363938164523098e-06,binomial fixed-bin approximation
32104,GBM,100.0,0.05,0.2,1.0,512,256,0.00390625,2000000,histogram,Milstein,,,,,,,,,251.48851765084422,254.39187364087445,2,3.444289999000729e-07,2.435479596925711e-07,0.0,8.217830008975122e-07,binomial fixed-bin approximation
32104,GBM,100.0,0.05,0.2,1.0,512,256,0.00390625,2000000,histogram,Milstein,,,,,,,,,254.39187364087445,257.2952296309047,0,0.0,0.0,0.0,0.0,binomial fixed-bin approximation
32104,GBM,100.0,0.05,0.2,1.0,512,256,0.00390625,2000000,histogram,Milstein,,,,,,,,,257.2952296309047,260.198585620935,1,1.7221449995003477e-07,1.7221445689640443e-07,0.0,5.097548354669874e-07,binomial fixed-bin approximation
32104,GBM,100.0,0.05,0.2,1.0,512,256,0.00390625,2000000,histogram,Milstein,,,,,,,,,260.198585620935,263.1019416109652,2,3.444289999000763e-07,2.4354795969257346e-07,0.0,8.217830008975202e-07,binomial fixed-bin approximation
32104,GBM,100.0,0.05,0.2,1.0,512,256,0.00390625,2000000,histogram,Milstein,,,,,,,,,263.1019416109652,266.00529760099545,0,0.0,0.0,0.0,0.0,binomial fixed-bin approximation
32104,GBM,100.0,0.05,0.2,1.0,512,256,0.00390625,2000000,histogram,Milstein,,,,,,,,,266.00529760099545,268.9086535910257,2,3.4442899990006953e-07,2.435479596925687e-07,0.0,8.217830008975041e-07,binomial fixed-bin approximation
