seed,model,s0,y0,mu,kappa,theta,xi,rho,sigma_min,sigma_max,T,master_N,strike,method,N,h,reference_N,reference_h,M,estimate,sample_sd,se,ci_lower,ci_upper,resolution_eligible,fit_included,fitted_slope,fitted_slope_se,fitted_slope_ci_lower,fitted_slope_ci_upper,fitted_slope_interval_method,fitted_slope_se_method,fitted_slope_residual_se,jackknife_batch_count,fit_point_count,eligible_point_count
32104,nonaffine,100.0,0.0,0.05,2.0,-0.2,0.6,-0.7,0.1,0.5,1.0,8192,100.0,EM_log,32,0.03125,4096,0.000244140625,50000,0.635067419983154,0.5459796923908009,0.002441695413040511,0.6302816969735946,0.6398531429927133,1,1,0.5205252435520068,0.0018671899270292795,0.5168655512950294,0.5241849358089842,normal approximation: slope +/- 1.96 jackknife SE; coverage not validated,paired delete-one-batch jackknife,0.0069923487372905,50,5,5
32104,nonaffine,100.0,0.0,0.05,2.0,-0.2,0.6,-0.7,0.1,0.5,1.0,8192,100.0,EM_log,64,0.015625,4096,0.000244140625,50000,0.44943746937591006,0.3870081580290712,0.0017307530983999683,0.4460451933030461,0.452829745448774,1,1,0.5205252435520068,0.0018671899270292795,0.5168655512950294,0.5241849358089842,normal approximation: slope +/- 1.96 jackknife SE; coverage not validated,paired delete-one-batch jackknife,0.0069923487372905,50,5,5
32104,nonaffine,100.0,0.0,0.05,2.0,-0.2,0.6,-0.7,0.1,0.5,1.0,8192,100.0,EM_log,128,0.0078125,4096,0.000244140625,50000,0.3167256339633665,0.2699924710343221,0.0012074430372917744,0.3143590456102746,0.3190922223164584,1,1,0.5205252435520068,0.0018671899270292795,0.5168655512950294,0.5241849358089842,normal approximation: slope +/- 1.96 jackknife SE; coverage not validated,paired delete-one-batch jackknife,0.0069923487372905,50,5,5
32104,nonaffine,100.0,0.0,0.05,2.0,-0.2,0.6,-0.7,0.1,0.5,1.0,8192,100.0,EM_log,256,0.00390625,4096,0.000244140625,50000,0.22004851079410112,0.18659407255281288,0.0008344740608532346,0.21841294163482877,0.22168407995337347,1,1,0.5205252435520068,0.0018671899270292795,0.5168655512950294,0.5241849358089842,normal approximation: slope +/- 1.96 jackknife SE; coverage not validated,paired delete-one-batch jackknife,0.0069923487372905,50,5,5
32104,nonaffine,100.0,0.0,0.05,2.0,-0.2,0.6,-0.7,0.1,0.5,1.0,8192,100.0,EM_log,512,0.001953125,4096,0.000244140625,50000,0.1494261805206141,0.12721422055386433,0.0005689192897261832,0.14831109871275078,0.15054126232847742,1,1,0.5205252435520068,0.0018671899270292795,0.5168655512950294,0.5241849358089842,normal approximation: slope +/- 1.96 jackknife SE; coverage not validated,paired delete-one-batch jackknife,0.0069923487372905,50,5,5
32104,nonaffine,100.0,0.0,0.05,2.0,-0.2,0.6,-0.7,0.1,0.5,1.0,8192,100.0,EM_log,32,0.03125,8192,0.0001220703125,50000,0.6366189609031652,0.5472895688144594,0.0024475533584913606,0.6318217563205221,0.6414161654858083,1,1,0.5089990318401879,0.001844690862658797,0.5053834377493767,0.5126146259309992,normal approximation: slope +/- 1.96 jackknife SE; coverage not validated,paired delete-one-batch jackknife,0.004365029117075522,50,5,5
32104,nonaffine,100.0,0.0,0.05,2.0,-0.2,0.6,-0.7,0.1,0.5,1.0,8192,100.0,EM_log,64,0.015625,8192,0.0001220703125,50000,0.45145931935531586,0.38856666280989843,0.0017377229436663446,0.44805338238572984,0.4548652563249019,1,1,0.5089990318401879,0.001844690862658797,0.5053834377493767,0.5126146259309992,normal approximation: slope +/- 1.96 jackknife SE; coverage not validated,paired delete-one-batch jackknife,0.004365029117075522,50,5,5
32104,nonaffine,100.0,0.0,0.05,2.0,-0.2,0.6,-0.7,0.1,0.5,1.0,8192,100.0,EM_log,128,0.0078125,8192,0.0001220703125,50000,0.3199164138744701,0.2723016636576589,0.0012177700606496188,0.3175295845555969,0.32230324319334336,1,1,0.5089990318401879,0.001844690862658797,0.5053834377493767,0.5126146259309992,normal approximation: slope +/- 1.96 jackknife SE; coverage not validated,paired delete-one-batch jackknife,0.004365029117075522,50,5,5
32104,nonaffine,100.0,0.0,0.05,2.0,-0.2,0.6,-0.7,0.1,0.5,1.0,8192,100.0,EM_log,256,0.00390625,8192,0.0001220703125,50000,0.22375457351290365,0.19011797219784227,0.0008502334191575809,0.22208811601135478,0.22542103101445252,1,1,0.5089990318401879,0.001844690862658797,0.5053834377493767,0.5126146259309992,normal approximation: slope +/- 1.96 jackknife SE; coverage not validated,paired delete-one-batch jackknife,0.004365029117075522,50,5,5
32104,nonaffine,100.0,0.0,0.05,2.0,-0.2,0.6,-0.7,0.1,0.5,1.0,8192,100.0,EM_log,512,0.001953125,8192,0.0001220703125,50000,0.15494695230468955,0.13221288229706799,0.0005912739846348451,0.15378805529480524,0.15610584931457386,1,1,0.5089990318401879,0.001844690862658797,0.5053834377493767,0.5126146259309992,normal approximation: slope +/- 1.96 jackknife SE; coverage not validated,paired delete-one-batch jackknife,0.004365029117075522,50,5,5
